{"cameraMode":{"drawMode":0,"name":"Shaded","section":"Shading Mode"},"sceneLighting":true,"audioPlay":false,"sceneViewState":{"showFog":true,"showMaterialUpdate":false,"showSkybox":true,"showFlares":true,"showImageEffects":true,"showParticleSystems":true},"in2DMode":false,"pivot":{"x":-19.70001220703125,"y":1.8860746622085572,"z":-45.39999008178711},"rotation":{"x":0.15001940727233888,"y":0.4989366829395294,"z":-0.08816643804311753,"w":0.8489894270896912},"size":4.988356113433838,"orthographic":true}