{"cameraMode":{"drawMode":0,"name":"Shaded","section":"Shading Mode"},"sceneLighting":true,"audioPlay":false,"sceneViewState":{"showFog":true,"showMaterialUpdate":false,"showSkybox":true,"showFlares":true,"showImageEffects":true,"showParticleSystems":true},"in2DMode":false,"pivot":{"x":-20.008895874023439,"y":1.7100672721862794,"z":-44.51709747314453},"rotation":{"x":-0.1143035814166069,"y":0.5171287059783936,"z":-0.06992273032665253,"w":-0.8453540205955505},"size":14.129267692565918,"orthographic":false}