{"cameraMode":{"drawMode":0,"name":"Shaded","section":"Shading Mode"},"sceneLighting":false,"audioPlay":false,"sceneViewState":{"showFog":true,"showMaterialUpdate":false,"showSkybox":true,"showFlares":true,"showImageEffects":true,"showParticleSystems":true},"in2DMode":false,"pivot":{"x":86.55999755859375,"y":1.967000126838684,"z":89.04000091552735},"rotation":{"x":0.29087671637535097,"y":0.17383138835430146,"z":-0.0538313090801239,"w":0.9392952919006348},"size":4.891799449920654,"orthographic":false}